Sr No,PG Name,Address,Contact No,Map Link
1,Pritam Mahila Vasti Graha and Abhyasika(Girls PG/Hostel and Library),"
St Stand Rd, near udgaonkar hospital, near Zee Bazar, Khanbhag, Sangli, Sangli Miraj Kupwad, Maharashtra 416416","
094226 91671","https://www.google.com/maps/place/Pritam+Mahila+Vasti+Graha+and+Abhyasika(Girls+PG%2FHostel+and+Library)/@16.8550864,74.5278523,14z/data=!4m10!1m2!2m1!1sPG+in+Sangli+Maharashtra!3m6!1s0x3bc1192978411673:0x841e684a253fdb6b!8m2!3d16.8550864!4d74.5639012!15sChhQRyBpbiBTYW5nbGkgTWFoYXJhc2h0cmFaGiIYcGcgaW4gc2FuZ2xpIG1haGFyYXNodHJhkgEMZ2lybHNfaG9zdGVsmgEkQ2hkRFNVaE5NRzluUzBWTmJVeHdkalkwTFhSdFRuRjNSUkFC4AEA-gEECAAQOQ!16s%2Fg%2F11y1m5qsgd?entry=ttu&g_ep=EgoyMDI2MDMwOC4wIKXMDSoASAFQAw%3D%3D"
2,Pritam Mahila Vasti Graha and Abhyasika(Girls PG/Hostel and Library),"
opp. Gandhi Hospital, near Rajmati Girls High School, Neminathnagar, Vishrambag, Sangli, Sangli Miraj Kupwad, Maharashtra 416415","
098601 03040","https://www.google.com/maps/place/Mauli+Boys+Hostel/@16.8484303,74.5551071,14z/data=!4m10!1m2!2m1!1sPG+in+Sangli+Maharashtra!3m6!1s0x3bc11972832e9a39:0x4ad06c82ef81551a!8m2!3d16.8484303!4d74.591156!15sChhQRyBpbiBTYW5nbGkgTWFoYXJhc2h0cmFaGiIYcGcgaW4gc2FuZ2xpIG1haGFyYXNodHJhkgELYm95c19ob3N0ZWyaAURDaTlEUVVsUlFVTnZaRU5vZEhsalJqbHZUMnRXYmxWWFVteGhNMVkxV0RGQ1EyVlVhSHBSTURGWFRXNVNiMDFXUlJBQuABAPoBBAgAEB4!16s%2Fg%2F11whmp83mp?entry=ttu&g_ep=EgoyMDI2MDMwOC4wIKXMDSoASAFQAw%3D%3D"
3,Nalanda Womens Hostel,"
Chankyapuri, MSEB Rd, beside Sai Mandir, Chankyapuri Garden, Sangli, Sangli Miraj Kupwad, Maharashtra 416415","
090112 29222","https://www.google.com/maps/place/Nalanda+Womens+Hostel/@16.8484303,74.5551071,14z/data=!4m10!1m2!2m1!1sPG+in+Sangli+Maharashtra!3m6!1s0x3bc1234e47a4d923:0x5450ee61cb179a8c!8m2!3d16.8412984!4d74.5945052!15sChhQRyBpbiBTYW5nbGkgTWFoYXJhc2h0cmFaGiIYcGcgaW4gc2FuZ2xpIG1haGFyYXNodHJhkgERc3R1ZGVudF9kb3JtaXRvcnmaASBDaFJEU1VoTk1HOW5TMFZKUTBGblNVUnNhalZXU1JBQuABAPoBBAgAEDw!16s%2Fg%2F11y21ynsl6?entry=ttu&g_ep=EgoyMDI2MDMwOC4wIKXMDSoASAFQAw%3D%3D"
4,Nalanda Womens Hostel,"
866, A/1B, Khanbhag, Sangli, Sangli Miraj Kupwad, Maharashtra 416416","
091758 81854","https://www.google.com/maps/place/Suvarn+Building+(PG)/@16.8571299,74.5360025,14z/data=!4m10!1m2!2m1!1sPG+in+Sangli+Maharashtra!3m6!1s0x3bc1186a30000001:0xa0f7025629cdef6c!8m2!3d16.8571299!4d74.5720514!15sChhQRyBpbiBTYW5nbGkgTWFoYXJhc2h0cmFaGiIYcGcgaW4gc2FuZ2xpIG1haGFyYXNodHJhkgELYm95c19ob3N0ZWzgAQA!16s%2Fg%2F11dd_nsz_m?entry=ttu&g_ep=EgoyMDI2MDMwOC4wIKXMDSoASAFQAw%3D%3D"
5,Suvarn Building (PG),"
866, A/1B, Khanbhag, Sangli, Sangli Miraj Kupwad, Maharashtra 416416","
091758 81854","https://www.google.com/maps/place/Suvarn+Building+(PG)/@16.8571299,74.5360025,14z/data=!4m10!1m2!2m1!1sPG+in+Sangli+Maharashtra!3m6!1s0x3bc1186a30000001:0xa0f7025629cdef6c!8m2!3d16.8571299!4d74.5720514!15sChhQRyBpbiBTYW5nbGkgTWFoYXJhc2h0cmFaGiIYcGcgaW4gc2FuZ2xpIG1haGFyYXNodHJhkgELYm95c19ob3N0ZWzgAQA!16s%2Fg%2F11dd_nsz_m?entry=ttu&g_ep=EgoyMDI2MDMwOC4wIKXMDSoASAFQAw%3D%3D"
6,Suvarn Building (PG),"
866, A/1B, Khanbhag, Sangli, Sangli Miraj Kupwad, Maharashtra 416416","
091758 81854","https://www.google.com/maps/place/Parag+Girls+PG/@16.8453007,74.5576111,14z/data=!4m10!1m2!2m1!1sPG+in+Sangli+Maharashtra!3m6!1s0x3bc123289d70fc73:0x397e535089b39490!8m2!3d16.8453007!4d74.59366!15sChhQRyBpbiBTYW5nbGkgTWFoYXJhc2h0cmGSAQxnaXJsc19ob3N0ZWzgAQA!16s%2Fg%2F11yz9dctkn?entry=ttu&g_ep=EgoyMDI2MDMwOC4wIKXMDSoASAFQAw%3D%3D"
7,Suvarn Building (PG),"
866, A/1B, Khanbhag, Sangli, Sangli Miraj Kupwad, Maharashtra 416416","
091758 81854","https://www.google.com/maps/place/Krishnai+Niwas+PG/@16.8453007,74.5576111,14z/data=!4m10!1m2!2m1!1sPG+in+Sangli+Maharashtra!3m6!1s0x3bc12346a69db00d:0xe60f8cb11e4ff7b6!8m2!3d16.8372608!4d74.6138198!15sChhQRyBpbiBTYW5nbGkgTWFoYXJhc2h0cmFaGiIYcGcgaW4gc2FuZ2xpIG1haGFyYXNodHJhkgERc3R1ZGVudF9kb3JtaXRvcnngAQA!16s%2Fg%2F11y3nd43r5?entry=ttu&g_ep=EgoyMDI2MDMwOC4wIKXMDSoASAFQAw%3D%3D"
8,Suvarn Building (PG),"
866, A/1B, Khanbhag, Sangli, Sangli Miraj Kupwad, Maharashtra 416416","
091758 81854","https://www.google.com/maps/place/Krishnai+Niwas+PG/@16.8372608,74.5777709,14z/data=!4m10!1m2!2m1!1sPG+in+Sangli+Maharashtra!3m6!1s0x3bc12346a69db00d:0xe60f8cb11e4ff7b6!8m2!3d16.8372608!4d74.6138198!15sChhQRyBpbiBTYW5nbGkgTWFoYXJhc2h0cmFaGiIYcGcgaW4gc2FuZ2xpIG1haGFyYXNodHJhkgERc3R1ZGVudF9kb3JtaXRvcnngAQA!16s%2Fg%2F11y3nd43r5?entry=ttu&g_ep=EgoyMDI2MDMwOC4wIKXMDSoASAFQAw%3D%3D"
9,Suvarn Building (PG),"
866, A/1B, Khanbhag, Sangli, Sangli Miraj Kupwad, Maharashtra 416416","
091758 81854","https://www.google.com/maps/place/Amani+Room+Services/@16.8372608,74.5777709,14z/data=!4m10!1m2!2m1!1sPG+in+Sangli+Maharashtra!3m6!1s0x3bc1239a95394a1b:0xfbfd5e0cf35cbc80!8m2!3d16.8412893!4d74.6233876!15sChhQRyBpbiBTYW5nbGkgTWFoYXJhc2h0cmGSAQtib3lzX2hvc3RlbOABAA!16s%2Fg%2F11gm797nht?entry=ttu&g_ep=EgoyMDI2MDMwOC4wIKXMDSoASAFQAw%3D%3D"
10,Suvarn Building (PG),"
866, A/1B, Khanbhag, Sangli, Sangli Miraj Kupwad, Maharashtra 416416","
091758 81854","https://www.google.com/maps/place/Amani+Room+Services/@16.8372608,74.5777709,14z/data=!4m10!1m2!2m1!1sPG+in+Sangli+Maharashtra!3m6!1s0x3bc1239a95394a1b:0xfbfd5e0cf35cbc80!8m2!3d16.8412893!4d74.6233876!15sChhQRyBpbiBTYW5nbGkgTWFoYXJhc2h0cmGSAQtib3lzX2hvc3RlbOABAA!16s%2Fg%2F11gm797nht?entry=ttu&g_ep=EgoyMDI2MDMwOC4wIKXMDSoASAFQAw%3D%3D"
11,Suvarn Building (PG),"
866, A/1B, Khanbhag, Sangli, Sangli Miraj Kupwad, Maharashtra 416416","
091758 81854","https://www.google.com/maps/place/Omkar+boys+hostel/@16.8372608,74.5777709,14z/data=!4m10!1m2!2m1!1sPG+in+Sangli+Maharashtra!3m6!1s0x3bc123b33b792c1d:0x2044e579113e838a!8m2!3d16.8378999!4d74.6048962!15sChhQRyBpbiBTYW5nbGkgTWFoYXJhc2h0cmGSARFzdHVkZW50X2Rvcm1pdG9yeeABAA!16s%2Fg%2F11j1pm6t3f?entry=ttu&g_ep=EgoyMDI2MDMwOC4wIKXMDSoASAFQAw%3D%3D"
12,Suvarn Building (PG),"
866, A/1B, Khanbhag, Sangli, Sangli Miraj Kupwad, Maharashtra 416416","
091758 81854","https://www.google.com/maps/place/Om+Bungalow,+Danane+Block/@16.8372608,74.5777709,14z/data=!4m10!1m2!2m1!1sPG+in+Sangli+Maharashtra!3m6!1s0x3bc12283f4340001:0x8e8487fccdc19732!8m2!3d16.849134!4d74.5988323!15sChhQRyBpbiBTYW5nbGkgTWFoYXJhc2h0cmFaGiIYcGcgaW4gc2FuZ2xpIG1haGFyYXNodHJhkgELYm95c19ob3N0ZWyaAURDaTlEUVVsUlFVTnZaRU5vZEhsalJqbHZUMjFXVm1WRmVETlpiV1JoVVd4b2RXRnVZekprUkZKNFpESk5NbFV4UlJBQuABAPoBBAgAECc!16s%2Fg%2F11cs1sgq5c?entry=ttu&g_ep=EgoyMDI2MDMwOC4wIKXMDSoASAFQAw%3D%3D"
13,Suvarn Building (PG),"
866, A/1B, Khanbhag, Sangli, Sangli Miraj Kupwad, Maharashtra 416416","
091758 81854","https://www.google.com/maps/place/Om+Bungalow,+Danane+Block/@16.8372608,74.5777709,14z/data=!4m10!1m2!2m1!1sPG+in+Sangli+Maharashtra!3m6!1s0x3bc12283f4340001:0x8e8487fccdc19732!8m2!3d16.849134!4d74.5988323!15sChhQRyBpbiBTYW5nbGkgTWFoYXJhc2h0cmFaGiIYcGcgaW4gc2FuZ2xpIG1haGFyYXNodHJhkgELYm95c19ob3N0ZWyaAURDaTlEUVVsUlFVTnZaRU5vZEhsalJqbHZUMjFXVm1WRmVETlpiV1JoVVd4b2RXRnVZekprUkZKNFpESk5NbFV4UlJBQuABAPoBBAgAECc!16s%2Fg%2F11cs1sgq5c?entry=ttu&g_ep=EgoyMDI2MDMwOC4wIKXMDSoASAFQAw%3D%3D"
14,Suvarn Building (PG),"
866, A/1B, Khanbhag, Sangli, Sangli Miraj Kupwad, Maharashtra 416416","
091758 81854","https://www.google.com/maps/place/P+G+Hostel/@16.8372608,74.5777709,14z/data=!4m10!1m2!2m1!1sPG+in+Sangli+Maharashtra!3m6!1s0x3bc1239bd5913c83:0xc309f31a32a40fe7!8m2!3d16.8405277!4d74.5995447!15sChhQRyBpbiBTYW5nbGkgTWFoYXJhc2h0cmGSARFzdHVkZW50X2Rvcm1pdG9yeeABAA!16s%2Fg%2F11s5vk045_?entry=ttu&g_ep=EgoyMDI2MDMwOC4wIKXMDSoASAFQAw%3D%3D"
15,Suvarn Building (PG),"
866, A/1B, Khanbhag, Sangli, Sangli Miraj Kupwad, Maharashtra 416416","
091758 81854","https://www.google.com/maps/place/Girl's+PG/@16.8372608,74.5777709,14z/data=!4m10!1m2!2m1!1sPG+in+Sangli+Maharashtra!3m6!1s0x3bc11942a465ded7:0x2b9fb6384ee532e7!8m2!3d16.8488197!4d74.5928483!15sChhQRyBpbiBTYW5nbGkgTWFoYXJhc2h0cmGSARFhcGFydG1lbnRfY29tcGxleOABAA!16s%2Fg%2F11vc1jtk25?entry=ttu&g_ep=EgoyMDI2MDMwOC4wIKXMDSoASAFQAw%3D%3D"
16,Suvarn Building (PG),"
866, A/1B, Khanbhag, Sangli, Sangli Miraj Kupwad, Maharashtra 416416","
091758 81854","https://www.google.com/maps/place/Latthe+Education+Society's+Girls+Hostel/@16.8488197,74.5567994,14z/data=!4m10!1m2!2m1!1sPG+in+Sangli+Maharashtra!3m6!1s0x3bc1186c5b9ac46f:0xc2e993405ffc45ee!8m2!3d16.8602!4d74.5775!15sChhQRyBpbiBTYW5nbGkgTWFoYXJhc2h0cmGSARV3b3JraW5nX3dvbWVuc19ob3N0ZWzgAQA!16s%2Fg%2F1pyqs_pty?entry=ttu&g_ep=EgoyMDI2MDMwOC4wIKXMDSoASAFQAw%3D%3D"
17,Suvarn Building (PG),"
866, A/1B, Khanbhag, Sangli, Sangli Miraj Kupwad, Maharashtra 416416","
091758 81854","https://www.google.com/maps/place/Latthe+Education+Society's+Girls+Hostel/@16.8488197,74.5567994,14z/data=!4m10!1m2!2m1!1sPG+in+Sangli+Maharashtra!3m6!1s0x3bc1186c5b9ac46f:0xc2e993405ffc45ee!8m2!3d16.8602!4d74.5775!15sChhQRyBpbiBTYW5nbGkgTWFoYXJhc2h0cmGSARV3b3JraW5nX3dvbWVuc19ob3N0ZWzgAQA!16s%2Fg%2F1pyqs_pty?entry=ttu&g_ep=EgoyMDI2MDMwOC4wIKXMDSoASAFQAw%3D%3D"
18,Suvarn Building (PG),"
866, A/1B, Khanbhag, Sangli, Sangli Miraj Kupwad, Maharashtra 416416","
091758 81854","https://www.google.com/maps/place/SHELAR+BLOCK+-+Student+Private+Hostel/@16.8488197,74.5567994,14z/data=!4m10!1m2!2m1!1sPG+in+Sangli+Maharashtra!3m6!1s0x3bc1237270b4cd55:0x12e0120f2bf74104!8m2!3d16.846814!4d74.5983456!15sChhQRyBpbiBTYW5nbGkgTWFoYXJhc2h0cmFaGiIYcGcgaW4gc2FuZ2xpIG1haGFyYXNodHJhkgERc3R1ZGVudF9kb3JtaXRvcnmaAURDaTlEUVVsUlFVTnZaRU5vZEhsalJqbHZUMjF3YWsxVWFGcFNNRnB6V2xWR1lXUlhTazVWVkVKT1YwZDRWRlJYWXhBQuABAPoBBAgMECs!16s%2Fg%2F11fhz5rk37?entry=ttu&g_ep=EgoyMDI2MDMwOC4wIKXMDSoASAFQAw%3D%3D"
19,SHELAR BLOCK - Student Private Hostel,"
RHWX+P8H, Vishrambag, Sangli, Sangli Miraj Kupwad, Maharashtra 416415",NA,"https://www.google.com/maps/place/SHELAR+BLOCK+-+Student+Private+Hostel/@16.8488197,74.5567994,14z/data=!4m10!1m2!2m1!1sPG+in+Sangli+Maharashtra!3m6!1s0x3bc1237270b4cd55:0x12e0120f2bf74104!8m2!3d16.846814!4d74.5983456!15sChhQRyBpbiBTYW5nbGkgTWFoYXJhc2h0cmFaGiIYcGcgaW4gc2FuZ2xpIG1haGFyYXNodHJhkgERc3R1ZGVudF9kb3JtaXRvcnmaAURDaTlEUVVsUlFVTnZaRU5vZEhsalJqbHZUMjF3YWsxVWFGcFNNRnB6V2xWR1lXUlhTazVWVkVKT1YwZDRWRlJYWXhBQuABAPoBBAgMECs!16s%2Fg%2F11fhz5rk37?entry=ttu&g_ep=EgoyMDI2MDMwOC4wIKXMDSoASAFQAw%3D%3D"
20,SHELAR BLOCK - Student Private Hostel,"
RHWX+P8H, Vishrambag, Sangli, Sangli Miraj Kupwad, Maharashtra 416415",NA,"https://www.google.com/maps/place/SHELAR+BLOCK+-+Student+Private+Hostel/@16.8488197,74.5567994,14z/data=!4m10!1m2!2m1!1sPG+in+Sangli+Maharashtra!3m6!1s0x3bc1237270b4cd55:0x12e0120f2bf74104!8m2!3d16.846814!4d74.5983456!15sChhQRyBpbiBTYW5nbGkgTWFoYXJhc2h0cmFaGiIYcGcgaW4gc2FuZ2xpIG1haGFyYXNodHJhkgERc3R1ZGVudF9kb3JtaXRvcnmaAURDaTlEUVVsUlFVTnZaRU5vZEhsalJqbHZUMjF3YWsxVWFGcFNNRnB6V2xWR1lXUlhTazVWVkVKT1YwZDRWRlJYWXhBQuABAPoBBAgMECs!16s%2Fg%2F11fhz5rk37?entry=ttu&g_ep=EgoyMDI2MDMwOC4wIKXMDSoASAFQAw%3D%3D"
21,SHELAR BLOCK - Student Private Hostel,"
RHWX+P8H, Vishrambag, Sangli, Sangli Miraj Kupwad, Maharashtra 416415",NA,"https://www.google.com/maps/place/Wanless+College+Of+Nursing/@16.8321043,74.6097891,14z/data=!4m10!1m2!2m1!1sPG+in+Sangli+Maharashtra!3m6!1s0x3bc11c68e678c4af:0x1e7180518ea6f125!8m2!3d16.8321043!4d74.645838!15sChhQRyBpbiBTYW5nbGkgTWFoYXJhc2h0cmFaGiIYcGcgaW4gc2FuZ2xpIG1haGFyYXNodHJhkgEObnVyc2luZ19zY2hvb2yaASRDaGREU1VoTk1HOW5TMFZKUTBGblNVTnViMGxoUVhwQlJSQULgAQD6AQQIABAw!16s%2Fg%2F11b7yxnms0?entry=ttu&g_ep=EgoyMDI2MDMwOC4wIKXMDSoASAFQAw%3D%3D"
22,SHELAR BLOCK - Student Private Hostel,"
RHWX+P8H, Vishrambag, Sangli, Sangli Miraj Kupwad, Maharashtra 416415",NA,"https://www.google.com/maps/place/Latthe+Education+Society's+Girls+Hostel/@16.8602,74.5414511,14z/data=!4m10!1m2!2m1!1sPG+in+Sangli+Maharashtra!3m6!1s0x3bc1186c5b9ac46f:0xc2e993405ffc45ee!8m2!3d16.8602!4d74.5775!15sChhQRyBpbiBTYW5nbGkgTWFoYXJhc2h0cmGSARV3b3JraW5nX3dvbWVuc19ob3N0ZWzgAQA!16s%2Fg%2F1pyqs_pty?entry=ttu&g_ep=EgoyMDI2MDMwOC4wIKXMDSoASAFQAw%3D%3D"
23,SHELAR BLOCK - Student Private Hostel,"
RHWX+P8H, Vishrambag, Sangli, Sangli Miraj Kupwad, Maharashtra 416415",NA,"https://www.google.com/maps/place/DURGA+PG/@18.5114601,73.9017441,14z/data=!4m10!1m2!2m1!1sPG+in+Sangli+Maharashtra!3m6!1s0x3bc2c38e7d9f55ed:0x4d2886157c5c3708!8m2!3d18.5114601!4d73.937793!15sChhQRyBpbiBTYW5nbGkgTWFoYXJhc2h0cmFaGiIYcGcgaW4gc2FuZ2xpIG1haGFyYXNodHJhkgERc3R1ZGVudF9kb3JtaXRvcnmaASRDaGREU1VoTk1HOW5TMFZKUTBGblNVTmFOazAzTm5ablJSQULgAQD6AQQIABBA!16s%2Fg%2F11f1y72tzd?entry=ttu&g_ep=EgoyMDI2MDMwOC4wIKXMDSoASAFQAw%3D%3D"
24,SHELAR BLOCK - Student Private Hostel,"
RHWX+P8H, Vishrambag, Sangli, Sangli Miraj Kupwad, Maharashtra 416415",NA,"https://www.google.com/maps/place/DURGA+PG/@18.5114601,73.9017441,14z/data=!4m10!1m2!2m1!1sPG+in+Sangli+Maharashtra!3m6!1s0x3bc2c38e7d9f55ed:0x4d2886157c5c3708!8m2!3d18.5114601!4d73.937793!15sChhQRyBpbiBTYW5nbGkgTWFoYXJhc2h0cmFaGiIYcGcgaW4gc2FuZ2xpIG1haGFyYXNodHJhkgERc3R1ZGVudF9kb3JtaXRvcnmaASRDaGREU1VoTk1HOW5TMFZKUTBGblNVTmFOazAzTm5ablJSQULgAQD6AQQIABBA!16s%2Fg%2F11f1y72tzd?entry=ttu&g_ep=EgoyMDI2MDMwOC4wIKXMDSoASAFQAw%3D%3D"
25,SHELAR BLOCK - Student Private Hostel,"
RHWX+P8H, Vishrambag, Sangli, Sangli Miraj Kupwad, Maharashtra 416415",NA,"https://www.google.com/maps/place/ACUTE+INSTITUTE+OF+FIRE+%26+SAFETY/@16.8472053,74.5561578,14z/data=!4m10!1m2!2m1!1sPG+in+Sangli+Maharashtra!3m6!1s0x3bc119b920c693cf:0xc5629c1d67f28409!8m2!3d16.8472053!4d74.5922067!15sChhQRyBpbiBTYW5nbGkgTWFoYXJhc2h0cmFaGiIYcGcgaW4gc2FuZ2xpIG1haGFyYXNodHJhkgEVZmlyZV9maWdodGVyc19hY2FkZW15mgEjQ2haRFNVaE5NRzluUzBWSlEwRm5TVU5FZFVsRGFWVlJFQUXgAQD6AQQIABAq!16s%2Fg%2F11j7w_6qyv?entry=ttu&g_ep=EgoyMDI2MDMwOC4wIKXMDSoASAFQAw%3D%3D"
26,NA,"
Rajnemi Campus, Timber Area Rd, Sangli, Maharashtra 416416","
0233 237 2102","https://www.google.com/maps/place/Smt.+Kasturbai+Walchand+College/@16.8472053,74.5561578,14z/data=!3m1!5s0x3bc1186ceb2a8d41:0x1a6f914554616c4a!4m10!1m2!2m1!1sPG+in+Sangli+Maharashtra!3m6!1s0x3bc1186c93766ad7:0xba93ac2af652bb4!8m2!3d16.8619358!4d74.576816!15sChhQRyBpbiBTYW5nbGkgTWFoYXJhc2h0cmFaGiIYcGcgaW4gc2FuZ2xpIG1haGFyYXNodHJhkgEHY29sbGVnZZoBRENpOURRVWxSUVVOdlpFTm9kSGxqUmpsdlQyNUNjRkpYYkdoVWExWlBaVlpzZFdNeWNGUldlazVWVEZSb1ZWVnJSUkFC4AEA-gEECAAQJA!16s%2Fg%2F1thcqsr1?entry=ttu&g_ep=EgoyMDI2MDMwOC4wIKXMDSoASAFQAw%3D%3D"
27,Smt. Kasturbai Walchand College,NA,NA,"https://www.google.com/maps/place/Smt.+Mathubai+Garware+Kanya+Mahavidhyalaya+Sangli/@16.8563008,74.5276163,14z/data=!4m10!1m2!2m1!1sPG+in+Sangli+Maharashtra!3m6!1s0x3bc118440696c72f:0x166830aa7cca5407!8m2!3d16.8563008!4d74.5636652!15sChhQRyBpbiBTYW5nbGkgTWFoYXJhc2h0cmFaGiIYcGcgaW4gc2FuZ2xpIG1haGFyYXNodHJhkgEHY29sbGVnZZoBRENpOURRVWxSUVVOdlpFTm9kSGxqUmpsdlQycGFXVlJIVWxCTlJFNTZVMFZyTWxWc1RsUlpWV3hRWTIxcmVWbHVZeEFC4AEA-gEECAAQPA!16s%2Fg%2F1pyqskfbc?entry=ttu&g_ep=EgoyMDI2MDMwOC4wIKXMDSoASAFQAw%3D%3D"
28,Smt. Mathubai Garware Kanya Mahavidhyalaya Sangli,"
NH361, Gaon Bhag, Sangli, Sangli Miraj Kupwad, Maharashtra 416416",NA,"https://www.google.com/maps/place/Smt.+Mathubai+Garware+Kanya+Mahavidhyalaya+Sangli/@16.8563008,74.5276163,14z/data=!4m10!1m2!2m1!1sPG+in+Sangli+Maharashtra!3m6!1s0x3bc118440696c72f:0x166830aa7cca5407!8m2!3d16.8563008!4d74.5636652!15sChhQRyBpbiBTYW5nbGkgTWFoYXJhc2h0cmFaGiIYcGcgaW4gc2FuZ2xpIG1haGFyYXNodHJhkgEHY29sbGVnZZoBRENpOURRVWxSUVVOdlpFTm9kSGxqUmpsdlQycGFXVlJIVWxCTlJFNTZVMFZyTWxWc1RsUlpWV3hRWTIxcmVWbHVZeEFC4AEA-gEECAAQPA!16s%2Fg%2F1pyqskfbc?entry=ttu&g_ep=EgoyMDI2MDMwOC4wIKXMDSoASAFQAw%3D%3D"
29,Desai Nursing College,"
Madhavnagar Rd, near Yamaha Showroom, opp. DMA Hall, Ghanshyam Nagar, Kala Nagar, Sangli, Sangli Miraj Kupwad, Maharashtra 416416","
094207 04050","https://www.google.com/maps/place/Desai+Nursing+College/@16.8752409,74.5450197,14z/data=!4m10!1m2!2m1!1sPG+in+Sangli+Maharashtra!3m6!1s0x3bc11988782e0baf:0x6d6e47e89812c0b3!8m2!3d16.8752409!4d74.5810686!15sChhQRyBpbiBTYW5nbGkgTWFoYXJhc2h0cmFaGiIYcGcgaW4gc2FuZ2xpIG1haGFyYXNodHJhkgEObnVyc2luZ19zY2hvb2yaASNDaFpEU1VoTk1HOW5TMFZKUTBGblNVUk1iMlZ0YmtWM0VBReABAPoBBAgAEEg!16s%2Fg%2F11fnb4xd_r?entry=ttu&g_ep=EgoyMDI2MDMwOC4wIKXMDSoASAFQAw%3D%3D"
30,Vishwa Medical Admission Point - Sangli,"
4th Floor, Impact Hight, near TVS Showroom, Indraprastha Nagar, Vyankatesh Nagar, Sangli, Sangli Miraj Kupwad, Maharashtra 416416","
070303 06611","https://www.google.com/maps/place/Vishwa+Medical+Admission+Point+-+Sangli/@16.8752409,74.5450197,14z/data=!4m10!1m2!2m1!1sPG+in+Sangli+Maharashtra!3m6!1s0x3bc1190c9575eef1:0xd02d4d9b83b266ce!8m2!3d16.8662406!4d74.5783505!15sChhQRyBpbiBTYW5nbGkgTWFoYXJhc2h0cmFaGiIYcGcgaW4gc2FuZ2xpIG1haGFyYXNodHJhkgEWZWR1Y2F0aW9uYWxfY29uc3VsdGFudJoBJENoZERTVWhOTUc5blMwVkpVRGh5ZG5wQ00yRkxTaTFuUlJBQuABAPoBBAgAEEs!16s%2Fg%2F11mcytdb0s?entry=ttu&g_ep=EgoyMDI2MDMwOC4wIKXMDSoASAFQAw%3D%3D"
31,NA,"
RHXV+G4X Deval Complex, behind bank of India, Gandhi Nagar, Vishrambag, Sangli, Sangli Miraj Kupwad, Maharashtra 416416","
086688 92125","https://www.google.com/maps/place/Girl's+PG/@16.8488197,74.5567994,14z/data=!4m10!1m2!2m1!1sPG+in+Sangli+Maharashtra!3m6!1s0x3bc11942a465ded7:0x2b9fb6384ee532e7!8m2!3d16.8488197!4d74.5928483!15sChhQRyBpbiBTYW5nbGkgTWFoYXJhc2h0cmGSARFhcGFydG1lbnRfY29tcGxleOABAA!16s%2Fg%2F11vc1jtk25?entry=ttu&g_ep=EgoyMDI2MDMwOC4wIKXMDSoASAFQAw%3D%3D"
32,Girl's PG,"
RHXV+G4X Deval Complex, behind bank of India, Gandhi Nagar, Vishrambag, Sangli, Sangli Miraj Kupwad, Maharashtra 416416","
086688 92125","https://www.google.com/maps/place/Girl's+PG/@16.8488197,74.5567994,14z/data=!4m10!1m2!2m1!1sPG+in+Sangli+Maharashtra!3m6!1s0x3bc11942a465ded7:0x2b9fb6384ee532e7!8m2!3d16.8488197!4d74.5928483!15sChhQRyBpbiBTYW5nbGkgTWFoYXJhc2h0cmGSARFhcGFydG1lbnRfY29tcGxleOABAA!16s%2Fg%2F11vc1jtk25?entry=ttu&g_ep=EgoyMDI2MDMwOC4wIKXMDSoASAFQAw%3D%3D"
33,Girl's PG,"
RHXV+G4X Deval Complex, behind bank of India, Gandhi Nagar, Vishrambag, Sangli, Sangli Miraj Kupwad, Maharashtra 416416","
086688 92125","https://www.google.com/maps/place/LATTHE+EDUCATION+SOCIETY,SANGLI./@16.8488197,74.5567994,14z/data=!4m10!1m2!2m1!1sPG+in+Sangli+Maharashtra!3m6!1s0x3bc119d9ec026f4f:0x516369fdfb0e183f!8m2!3d16.8628243!4d74.5718174!15sChhQRyBpbiBTYW5nbGkgTWFoYXJhc2h0cmFaGiIYcGcgaW4gc2FuZ2xpIG1haGFyYXNodHJhkgEXZWR1Y2F0aW9uYWxfaW5zdGl0dXRpb26aASRDaGREU1VoTk1HOW5TMFZKUTBGblRVUm5iVXBwUzNSblJSQULgAQD6AQQIABAr!16s%2Fg%2F11x0jgtzdl?entry=ttu&g_ep=EgoyMDI2MDMwOC4wIKXMDSoASAFQAw%3D%3D"
34,Girl's PG,"
RHXV+G4X Deval Complex, behind bank of India, Gandhi Nagar, Vishrambag, Sangli, Sangli Miraj Kupwad, Maharashtra 416416","
086688 92125","https://www.google.com/maps/place/LATTHE+EDUCATION+SOCIETY,SANGLI./@16.8628243,74.5357685,14z/data=!4m10!1m2!2m1!1sPG+in+Sangli+Maharashtra!3m6!1s0x3bc119d9ec026f4f:0x516369fdfb0e183f!8m2!3d16.8628243!4d74.5718174!15sChhQRyBpbiBTYW5nbGkgTWFoYXJhc2h0cmFaGiIYcGcgaW4gc2FuZ2xpIG1haGFyYXNodHJhkgEXZWR1Y2F0aW9uYWxfaW5zdGl0dXRpb26aASRDaGREU1VoTk1HOW5TMFZKUTBGblRVUm5iVXBwUzNSblJSQULgAQD6AQQIABAr!16s%2Fg%2F11x0jgtzdl?entry=ttu&g_ep=EgoyMDI2MDMwOC4wIKXMDSoASAFQAw%3D%3D"
35,Girl's PG,"
RHXV+G4X Deval Complex, behind bank of India, Gandhi Nagar, Vishrambag, Sangli, Sangli Miraj Kupwad, Maharashtra 416416","
086688 92125","https://www.google.com/maps/place/LATTHE+EDUCATION+SOCIETY,SANGLI./@16.8628243,74.5357685,14z/data=!4m10!1m2!2m1!1sPG+in+Sangli+Maharashtra!3m6!1s0x3bc119d9ec026f4f:0x516369fdfb0e183f!8m2!3d16.8628243!4d74.5718174!15sChhQRyBpbiBTYW5nbGkgTWFoYXJhc2h0cmFaGiIYcGcgaW4gc2FuZ2xpIG1haGFyYXNodHJhkgEXZWR1Y2F0aW9uYWxfaW5zdGl0dXRpb26aASRDaGREU1VoTk1HOW5TMFZKUTBGblRVUm5iVXBwUzNSblJSQULgAQD6AQQIABAr!16s%2Fg%2F11x0jgtzdl?entry=ttu&g_ep=EgoyMDI2MDMwOC4wIKXMDSoASAFQAw%3D%3D"
36,Girl's PG,"
RHXV+G4X Deval Complex, behind bank of India, Gandhi Nagar, Vishrambag, Sangli, Sangli Miraj Kupwad, Maharashtra 416416","
086688 92125","https://www.google.com/maps/place/Bharati+Vidyapeeth+IMRDA+%26+New+Law+College/@16.8628243,74.5357685,14z/data=!3m1!5s0x3bc1184161b72b7f:0x82586b4e4c446d27!4m10!1m2!2m1!1sPG+in+Sangli+Maharashtra!3m6!1s0x3bc11840eee1f28d:0x8832d1792810f1f1!8m2!3d16.861082!4d74.5650629!15sChhQRyBpbiBTYW5nbGkgTWFoYXJhc2h0cmFaGiIYcGcgaW4gc2FuZ2xpIG1haGFyYXNodHJhkgEHY29sbGVnZZoBI0NoWkRTVWhOTUc5blMwVkpRMEZuU1VOWGRXTlVjRlZCRUFF4AEA-gEECDIQPA!16s%2Fg%2F1pyqqt_jt?entry=ttu&g_ep=EgoyMDI2MDMwOC4wIKXMDSoASAFQAw%3D%3D"
37,Bharati Vidyapeeth IMRDA & New Law College,"
Bharati Bhavan, Rajwada Chowk, Ganapati Peth, Sangli, Sangli Miraj Kupwad, Maharashtra 416416","
0233 237 7256","https://www.google.com/maps/place/Bharati+Vidyapeeth+IMRDA+%26+New+Law+College/@16.8628243,74.5357685,14z/data=!3m1!5s0x3bc1184161b72b7f:0x82586b4e4c446d27!4m10!1m2!2m1!1sPG+in+Sangli+Maharashtra!3m6!1s0x3bc11840eee1f28d:0x8832d1792810f1f1!8m2!3d16.861082!4d74.5650629!15sChhQRyBpbiBTYW5nbGkgTWFoYXJhc2h0cmFaGiIYcGcgaW4gc2FuZ2xpIG1haGFyYXNodHJhkgEHY29sbGVnZZoBI0NoWkRTVWhOTUc5blMwVkpRMEZuU1VOWGRXTlVjRlZCRUFF4AEA-gEECDIQPA!16s%2Fg%2F1pyqqt_jt?entry=ttu&g_ep=EgoyMDI2MDMwOC4wIKXMDSoASAFQAw%3D%3D"
38,P. G. Babar Agency,"
1726, Panchamukhi Maruti Rd, Khanbhag, Sangli, Sangli Miraj Kupwad, Maharashtra 416416","
090287 94644","https://www.google.com/maps/place/P.+G.+Babar+Agency/@16.8628243,74.5357685,14z/data=!4m10!1m2!2m1!1sPG+in+Sangli+Maharashtra!3m6!1s0x3bc11869de4aa9b5:0xf95893cee4bbc876!8m2!3d16.8557326!4d74.5707756!15sChhQRyBpbiBTYW5nbGkgTWFoYXJhc2h0cmFaGiIYcGcgaW4gc2FuZ2xpIG1haGFyYXNodHJhkgENZ2VuZXJhbF9zdG9yZeABAA!16s%2Fg%2F11dzsxlr80?entry=ttu&g_ep=EgoyMDI2MDMwOC4wIKXMDSoASAFQAw%3D%3D"
39,Makarand Boys Hostel,"
RHVR+P4G, Padmavathi Colony, Dattanagar, Sangli, Sangli Miraj Kupwad, Maharashtra 416415",NA,"https://www.google.com/maps/place/Makarand+Boys+Hostel/@16.8443176,74.5542867,14z/data=!4m10!1m2!2m1!1sPG+in+Sangli+Maharashtra!3m6!1s0x3bc11975d82d06f3:0x9bce0de3125e333d!8m2!3d16.8443176!4d74.5903356!15sChhQRyBpbiBTYW5nbGkgTWFoYXJhc2h0cmGSAQtib3lzX2hvc3RlbOABAA!16s%2Fg%2F11h4cyv3ng?entry=ttu&g_ep=EgoyMDI2MDMwOC4wIKXMDSoASAFQAw%3D%3D"
40,Makarand Boys Hostel,"
RHVR+P4G, Padmavathi Colony, Dattanagar, Sangli, Sangli Miraj Kupwad, Maharashtra 416415",NA,"https://www.google.com/maps/place/Makarand+Boys+Hostel/@16.8443176,74.5542867,14z/data=!4m10!1m2!2m1!1sPG+in+Sangli+Maharashtra!3m6!1s0x3bc11975d82d06f3:0x9bce0de3125e333d!8m2!3d16.8443176!4d74.5903356!15sChhQRyBpbiBTYW5nbGkgTWFoYXJhc2h0cmGSAQtib3lzX2hvc3RlbOABAA!16s%2Fg%2F11h4cyv3ng?entry=ttu&g_ep=EgoyMDI2MDMwOC4wIKXMDSoASAFQAw%3D%3D"
41,P.G. Ayurvedic,"
Neminathnagar, Vishrambag, Sangli, Sangli Miraj Kupwad, Maharashtra 416415","
098506 38550","https://www.google.com/maps/place/P.G.+Ayurvedic/@16.8443176,74.5542867,14z/data=!4m10!1m2!2m1!1sPG+in+Sangli+Maharashtra!3m6!1s0x3bc11878b729c3db:0xc8a614d30bf19adb!8m2!3d16.8481397!4d74.5920481!15sChhQRyBpbiBTYW5nbGkgTWFoYXJhc2h0cmGSASFhbHRlcm5hdGl2ZV9tZWRpY2luZV9wcmFjdGl0aW9uZXLgAQA!16s%2Fg%2F11g8crs7_g?entry=ttu&g_ep=EgoyMDI2MDMwOC4wIKXMDSoASAFQAw%3D%3D"
42,P.G. Ayurvedic,"
Neminathnagar, Vishrambag, Sangli, Sangli Miraj Kupwad, Maharashtra 416415","
098506 38550","https://www.google.com/maps/place/P.G.+Ayurvedic/@16.8443176,74.5542867,14z/data=!4m10!1m2!2m1!1sPG+in+Sangli+Maharashtra!3m6!1s0x3bc11878b729c3db:0xc8a614d30bf19adb!8m2!3d16.8481397!4d74.5920481!15sChhQRyBpbiBTYW5nbGkgTWFoYXJhc2h0cmGSASFhbHRlcm5hdGl2ZV9tZWRpY2luZV9wcmFjdGl0aW9uZXLgAQA!16s%2Fg%2F11g8crs7_g?entry=ttu&g_ep=EgoyMDI2MDMwOC4wIKXMDSoASAFQAw%3D%3D"
43,P.G. Ayurvedic,"
Neminathnagar, Vishrambag, Sangli, Sangli Miraj Kupwad, Maharashtra 416415","
098506 38550","https://www.google.com/maps/place/Hotel+Central+Avenue/@16.8424384,74.5773629,14z/data=!4m13!1m2!2m1!1sPG+in+Sangli+Maharashtra!3m9!1s0x3bc12373226d23a9:0x33b0a1cd7eb99861!5m2!4m1!1i2!8m2!3d16.8424384!4d74.6134118!15sChhQRyBpbiBTYW5nbGkgTWFoYXJhc2h0cmFaGiIYcGcgaW4gc2FuZ2xpIG1haGFyYXNodHJhkgEFbG9kZ2XgAQA!16s%2Fg%2F11n03j5jnv?entry=ttu&g_ep=EgoyMDI2MDMwOC4wIKXMDSoASAFQAw%3D%3D"
44,P.G. Ayurvedic,"
Neminathnagar, Vishrambag, Sangli, Sangli Miraj Kupwad, Maharashtra 416415","
098506 38550","https://www.google.com/maps/place/Hotel+Central+Avenue/@16.8424384,74.5773629,14z/data=!4m13!1m2!2m1!1sPG+in+Sangli+Maharashtra!3m9!1s0x3bc12373226d23a9:0x33b0a1cd7eb99861!5m2!4m1!1i2!8m2!3d16.8424384!4d74.6134118!15sChhQRyBpbiBTYW5nbGkgTWFoYXJhc2h0cmFaGiIYcGcgaW4gc2FuZ2xpIG1haGFyYXNodHJhkgEFbG9kZ2XgAQA!16s%2Fg%2F11n03j5jnv?entry=ttu&g_ep=EgoyMDI2MDMwOC4wIKXMDSoASAFQAw%3D%3D"
45,P.G. Ayurvedic,"
Neminathnagar, Vishrambag, Sangli, Sangli Miraj Kupwad, Maharashtra 416415","
098506 38550","https://www.google.com/maps/place/Hotel+Krishna+International/@16.8530924,74.5280015,14z/data=!4m13!1m2!2m1!1sPG+in+Sangli+Maharashtra!3m9!1s0x3bc1184362c66b2f:0x40f133a9030813f7!5m2!4m1!1i2!8m2!3d16.8530924!4d74.5640504!15sChhQRyBpbiBTYW5nbGkgTWFoYXJhc2h0cmFaGiIYcGcgaW4gc2FuZ2xpIG1haGFyYXNodHJhkgEFaG90ZWzgAQA!16s%2Fg%2F1264bll1j?entry=ttu&g_ep=EgoyMDI2MDMwOC4wIKXMDSoASAFQAw%3D%3D"
46,P.G. Ayurvedic,"
Neminathnagar, Vishrambag, Sangli, Sangli Miraj Kupwad, Maharashtra 416415","
098506 38550","https://www.google.com/maps/place/Hotel+Krishna+International/@16.8530924,74.5280015,14z/data=!4m13!1m2!2m1!1sPG+in+Sangli+Maharashtra!3m9!1s0x3bc1184362c66b2f:0x40f133a9030813f7!5m2!4m1!1i2!8m2!3d16.8530924!4d74.5640504!15sChhQRyBpbiBTYW5nbGkgTWFoYXJhc2h0cmFaGiIYcGcgaW4gc2FuZ2xpIG1haGFyYXNodHJhkgEFaG90ZWzgAQA!16s%2Fg%2F1264bll1j?entry=ttu&g_ep=EgoyMDI2MDMwOC4wIKXMDSoASAFQAw%3D%3D"
47,P.G. Ayurvedic,"
Neminathnagar, Vishrambag, Sangli, Sangli Miraj Kupwad, Maharashtra 416415","
098506 38550","https://www.google.com/maps/place/Makarand+Boys+Hostel/@16.8443176,74.5542867,14z/data=!4m10!1m2!2m1!1sPG+in+Sangli+Maharashtra!3m6!1s0x3bc11975d82d06f3:0x9bce0de3125e333d!8m2!3d16.8443176!4d74.5903356!15sChhQRyBpbiBTYW5nbGkgTWFoYXJhc2h0cmGSAQtib3lzX2hvc3RlbOABAA!16s%2Fg%2F11h4cyv3ng?entry=ttu&g_ep=EgoyMDI2MDMwOC4wIKXMDSoASAFQAw%3D%3D"
48,P.G. Ayurvedic,"
Neminathnagar, Vishrambag, Sangli, Sangli Miraj Kupwad, Maharashtra 416415","
098506 38550","https://www.google.com/maps/place/Bharti+Hospital+Canteen/@16.8443176,74.5542867,14z/data=!4m10!1m2!2m1!1sPG+in+Sangli+Maharashtra!3m6!1s0x3bc123603f5a6089:0x64bf13e07dcaf7b8!8m2!3d16.8415455!4d74.6182207!15sChhQRyBpbiBTYW5nbGkgTWFoYXJhc2h0cmFaGiIYcGcgaW4gc2FuZ2xpIG1haGFyYXNodHJhkgEKcmVzdGF1cmFudJoBRENpOURRVWxSUVVOdlpFTm9kSGxqUmpsdlQydE9VMDB5U2tsT1JFSkVVekkxYjFGVVFubE9NVmt6WVZoQ1dXVnVZeEFC4AEA-gEECAAQIQ!16s%2Fg%2F11hz5w0hhw?entry=ttu&g_ep=EgoyMDI2MDMwOC4wIKXMDSoASAFQAw%3D%3D"
49,P.G. Ayurvedic,"
Neminathnagar, Vishrambag, Sangli, Sangli Miraj Kupwad, Maharashtra 416415",NA,"https://www.google.com/maps/place/Bharti+Hospital+Canteen/@16.8415455,74.5821718,14z/data=!4m10!1m2!2m1!1sPG+in+Sangli+Maharashtra!3m6!1s0x3bc123603f5a6089:0x64bf13e07dcaf7b8!8m2!3d16.8415455!4d74.6182207!15sChhQRyBpbiBTYW5nbGkgTWFoYXJhc2h0cmFaGiIYcGcgaW4gc2FuZ2xpIG1haGFyYXNodHJhkgEKcmVzdGF1cmFudJoBRENpOURRVWxSUVVOdlpFTm9kSGxqUmpsdlQydE9VMDB5U2tsT1JFSkVVekkxYjFGVVFubE9NVmt6WVZoQ1dXVnVZeEFC4AEA-gEECAAQIQ!16s%2Fg%2F11hz5w0hhw?entry=ttu&g_ep=EgoyMDI2MDMwOC4wIKXMDSoASAFQAw%3D%3D"
50,Bharti Hospital Canteen,"
26, Miraj Rd, Wanalesawadi, Vijaynagar, Sangli, Sangli Miraj Kupwad, Maharashtra 416414",NA,"https://www.google.com/maps/place/Bharti+Hospital+Canteen/@16.8415455,74.5821718,14z/data=!4m10!1m2!2m1!1sPG+in+Sangli+Maharashtra!3m6!1s0x3bc123603f5a6089:0x64bf13e07dcaf7b8!8m2!3d16.8415455!4d74.6182207!15sChhQRyBpbiBTYW5nbGkgTWFoYXJhc2h0cmFaGiIYcGcgaW4gc2FuZ2xpIG1haGFyYXNodHJhkgEKcmVzdGF1cmFudJoBRENpOURRVWxSUVVOdlpFTm9kSGxqUmpsdlQydE9VMDB5U2tsT1JFSkVVekkxYjFGVVFubE9NVmt6WVZoQ1dXVnVZeEFC4AEA-gEECAAQIQ!16s%2Fg%2F11hz5w0hhw?entry=ttu&g_ep=EgoyMDI2MDMwOC4wIKXMDSoASAFQAw%3D%3D"
51,Bharti Hospital Canteen,"
26, Miraj Rd, Wanalesawadi, Vijaynagar, Sangli, Sangli Miraj Kupwad, Maharashtra 416414","
0233 253 5229","https://www.google.com/maps/place/Dr+Patangarao+Kadam+Mahavidyalaya+College/@16.8643939,74.5154296,14z/data=!4m10!1m2!2m1!1sPG+in+Sangli+Maharashtra!3m6!1s0x3bc1183435359279:0x1dab2a272518ad28!8m2!3d16.8643939!4d74.5514785!15sChhQRyBpbiBTYW5nbGkgTWFoYXJhc2h0cmFaGiIYcGcgaW4gc2FuZ2xpIG1haGFyYXNodHJhkgEHY29sbGVnZZoBJENoZERTVWhOTUc5blMwVkpRMEZuU1VOb2NWbzNSblpCUlJBQuABAPoBBAgAEDQ!16s%2Fg%2F1tjz1tpd?entry=ttu&g_ep=EgoyMDI2MDMwOC4wIKXMDSoASAFQAw%3D%3D"
52,Dr Patangarao Kadam Mahavidyalaya College,"
19, Sangli-Ashta Rd, Zashi Colony, Sangalwadi, Sangli, Sangli Miraj Kupwad, Maharashtra 416305","
0233 253 5229","https://www.google.com/maps/place/Dr+Patangarao+Kadam+Mahavidyalaya+College/@16.8643939,74.5154296,14z/data=!4m10!1m2!2m1!1sPG+in+Sangli+Maharashtra!3m6!1s0x3bc1183435359279:0x1dab2a272518ad28!8m2!3d16.8643939!4d74.5514785!15sChhQRyBpbiBTYW5nbGkgTWFoYXJhc2h0cmFaGiIYcGcgaW4gc2FuZ2xpIG1haGFyYXNodHJhkgEHY29sbGVnZZoBJENoZERTVWhOTUc5blMwVkpRMEZuU1VOb2NWbzNSblpCUlJBQuABAPoBBAgAEDQ!16s%2Fg%2F1tjz1tpd?entry=ttu&g_ep=EgoyMDI2MDMwOC4wIKXMDSoASAFQAw%3D%3D"
